keluhan;bagian
cetak transkip nilai akhir menu nilai igracias solusi;BAA
sejahtera air asrama gedung keluh air kotor banget kalo bersih;Bagian Asrama
aju praktikum susul;Laboran
lahan parkir gku sempit jalan rusak;Logistik dan Aset
sulit cari buku;Open Library
bantu cek data beasiswa semester ipk nol;Pengelolaan Kegiatan dan Kesejahteraan Mahasiswa
daftar geladi gelombang daftar;PPDU
minggu nilai eprt janji skor eprt;Pusat Bahasa
masuk igracias lupa password akun;Riset dan Layanan Teknologi Informasi
